#User
DROP TABLE IF EXISTS `User`;
create table User
(id int primary key auto_increment, 
first_name varchar(50), 
last_name varchar(50), 
email varchar(50), 
password varchar(50),
phone_no varchar(50),
role varchar (50),
address varchar (50));

insert into user values(1, 'Sanket', 'Kahalekar', 'sak@g.com', '123', '8793280246','customer','24c,StayHomes Sainikwadi Pune');
insert into user values(default, 'Apoorv', 'Kahalekar', 'ak@g.com', '1234', '7276027760','admin','28c,StayHomes Sainikwadi Pune');
insert into user values(default, 'john', 'cena', 'jc@g.com', '111', '8877665544','deliveryBoy','28c,StayHomes Sainikwadi Solapur');



###Food_category
DROP TABLE IF EXISTS `Food_Category`;
create table Food_Category
(food_category_id int primary key auto_increment,
food_category_name varchar(20));

insert into  Food_Category values(1, 'veg');
insert into Food_Category values(2, 'nonveg');
insert into Food_Category values(3, 'breakfast');
insert into Food_Category values(4, 'softdrinks');


###Food_items
DROP TABLE IF EXISTS `Food_Item`;
create table Food_Item
(food_item_id int primary key auto_increment,
food_name varchar(20),
price double,
description varchar(50),
food_category_id int,
 FOREIGN KEY(food_category_id) REFERENCES food_category(food_category_id));


insert into Food_Item values(1, 'dosa', 25, 'favourate dish', 3);

insert into Food_Item values(2, 'idli', 15,'cheapest dish', 3);

insert into Food_Item values(3, 'andacurry', 60, 'fav nonveg dish', 2);

insert into Food_Item values(4, 'andabhurji', 40,  'supb dish', 2);

insert into Food_Item values(5, 'triplerice', 65, 'supb dish', 1);

insert into Food_Item values(6, 'shezwan_Noodles', 45,  'supb dish', 1);


###Order_Cart

DROP TABLE IF EXISTS `Order_Cart`;

create table Order_Cart
(order_cart_id int primary key auto_increment,
quantity int,
food_item_id int,
user_id int,
FOREIGN KEY (user_id) REFERENCES user(id),
FOREIGN KEY (food_item_id) REFERENCES food_item(food_item_id));
insert into Order_Cart values(10,1,2,1);

insert into Order_Cart values(11, 2,4,1);

insert into Order_Cart values(12, 1,6,3);

insert into Order_Cart values(13, 3,4,1);

insert into Order_Cart values(14, 4,5,2);

insert into Order_Cart values(15, 1,2,2);



###Orders

DROP TABLE IF EXISTS `Orders`;

create table Orders
(order_id int primary key auto_increment,
order_date datetime(6),
order_status varchar(30),
user_id int not null,
cart_id int not null,
FOREIGN KEY (user_id) REFERENCES user(id),
FOREIGN KEY (cart_id) REFERENCES order_cart(order_cart_id));

insert into Orders values(51,'2021-05-12' ,'accepted', 1,13);

insert into Orders values(52,'2021-05-12', 'rejected', 2, 14);

insert into Orders values(53, '2021-05-12','accepted',3,12);

insert into Orders values(54,'2021-05-12', 'accepted',1,11);




### PAYMENT
DROP TABLE IF EXISTS `Payment`;

create table Payment
(payment_id int primary key auto_increment,
amount double,
payment_date datetime(6),
status varchar(20),
type varchar(20),
order_id int not null,
FOREIGN KEY (order_id) REFERENCES orders(order_id));



####Restaurant
DROP TABLE IF EXISTS `Restaurant`;
create table Restaurant
(restaurantId int primary key auto_increment,
restaurantName varchar(20),
restaurantUserName varchar(20),
password varchar(20),
pincode int,
email varchar(20),
address varchar(20));
